{
  "train_rows": 19975,
  "validation_rows": 2485,
  "validation_snapshot": "2025-11-30",
  "train_positive_rate": 0.18888610763454317,
  "validation_positive_rate": 0.23742454728370221,
  "roc_auc_raw": 0.4724010554089709,
  "roc_auc_adjusted": 0.527598944591029,
  "average_precision_adjusted": 0.2517944107734543,
  "score_transform": "invert",
  "classification_report": {
    "0": {
      "precision": 0.7656318320944469,
      "recall": 0.9240105540897098,
      "f1-score": 0.8373983739837398,
      "support": 1895.0
    },
    "1": {
      "precision": 0.2727272727272727,
      "recall": 0.09152542372881356,
      "f1-score": 0.13705583756345177,
      "support": 590.0
    },
    "accuracy": 0.7263581488933601,
    "macro avg": {
      "precision": 0.5191795524108598,
      "recall": 0.5077679889092617,
      "f1-score": 0.4872271057735958,
      "support": 2485.0
    },
    "weighted avg": {
      "precision": 0.6486041902326228,
      "recall": 0.7263581488933601,
      "f1-score": 0.6711198643306333,
      "support": 2485.0
    }
  }
}